{
  "project_info": {
    "project_number": "484207447477",
    "firebase_url": "https://startup-1cd80.firebaseio.com",
    "project_id": "startup-1cd80",
    "storage_bucket": "startup-1cd80.appspot.com"
  },
  "client": [
    {
      "client_info": {
        "mobilesdk_app_id": "1:484207447477:android:00b8439b24745c68b99dfc",
        "android_client_info": {
          "package_name": "com.example.boostup"
        }
      },
      "oauth_client": [
        {
          "client_id": "484207447477-5e2s6an0ovlgcf29hte83fo3psl76j2d.apps.googleusercontent.com",
          "client_type": 1,
          "android_info": {
            "package_name": "com.example.boostup",
            "certificate_hash": "108a26684b9f3724aa69e1075a4726bc51a0228c"
          }
        },
        {
          "client_id": "484207447477-e9bc2gqnkogllj5ad159nfiac539g5op.apps.googleusercontent.com",
          "client_type": 3
        }
      ],
      "api_key": [
        {
          "current_key": "AIzaSyBCQ-uR8D4Yd0j8_8j-TRC_SjPILOo3Xo8"
        }
      ],
      "services": {
        "appinvite_service": {
          "other_platform_oauth_client": [
            {
              "client_id": "484207447477-e9bc2gqnkogllj5ad159nfiac539g5op.apps.googleusercontent.com",
              "client_type": 3
            }
          ]
        }
      }
    }
  ],
  "configuration_version": "1"
}